cell,subcluster
AAACGACAGATTGACT-1,0
AAACGATGTTCGATTA-1,1
AAACTCCGTATGTGGA-1,0
AAAGCAATCCTTCGGC-1,1
AAAGCCAGTCAAGGCG-1,0
AAAGTCAAGCCTTCGC-1,1
AAATGCTTCTGGCATA-1,1
AACACATTCTATGAAC-1,0
AACAGTAAGGAGCCAA-1,0
AACATGAAGTAGCCCG-1,0
AACATTCAGCTATCCT-1,0
AACATTCAGGGGACTA-1,0
AACCAACCACTCAGGA-1,1
AACCAGCTCCTGCGCT-1,1
AACCCACAGTCATCGA-1,1
AACCCTGGTAAGTCCT-1,1
AACCGGGGTTTCCTTG-1,0
AACCTTGAGTGCTTGA-1,0
AACGCCACAATAGTGC-1,0
AACGCGCCAACGGTAT-1,1
AACGCTTGTATGGTCT-1,1
AACGGGGCAAGTCCAG-1,0
AACGGTGAGGAGGATT-1,0
AACGTTGTCAGGACAG-1,0
AACTTCTCAAATCAGC-1,0
AACTTGGTCACTTCGT-1,0
AAGCAATGTGCATCAT-1,0
AAGCATTTCCTGCTAT-1,1
AAGCCAAGTAAGGTCA-1,0
AAGCCGGGTAGTGCTT-1,0
AAGCGATAGTCGAGTC-1,0
AAGGAAAGTATTGCGT-1,0
AAGGGTTAGGAATGTA-1,0
AAGGTAATCAGCGAGA-1,1
AAGGTCAGTCATCCCT-1,0
AAGTATGAGTAATCCG-1,1
AAGTCAAAGTCGCGTG-1,0
AAGTCAGGTAGTTAGG-1,2
AAGTCGCTCCCCATCA-1,0
AAGTTGAAGATTACGT-1,0
AATACGAAGCCTGTAA-1,0
AATATCGCAAACCATA-1,0
AATATCGCATAAGCAC-1,0
AATCACTAGAACGGAT-1,0
AATCACTAGTGCCGAT-1,0
AATGACAAGCGCTACG-1,0
AATGACAAGGCGATGA-1,1
AATGACAAGGGTCAAG-1,0
AATGACAAGTGGCCTG-1,0
AATGAGGCAACTCGCT-1,0
AATGCACCACCTGTGT-1,0
AATGGCAGTAATCGGA-1,0
AATGGCGAGGGGTACA-1,0
AATGGCTCATAACTTC-1,0
AATGTGAAGCTTCCTG-1,0
AATGTTGCAAGCGGAG-1,0
AATTCAGCATTAGTCT-1,0
AATTGTCAGTAATCAC-1,0
ACAACCATCTAGCTTC-1,0
ACAACCTGTCAATGTC-1,0
ACAACCTGTTTAGGTC-1,0
ACAATTCAGGATGACG-1,1
ACACAAGGTGGGTCGA-1,0
ACACCCTCAAGGGAAC-1,0
ACACGATCATTAACTC-1,0
ACACTAGTCAGTTCCT-1,0
ACACTCCCAACATCAA-1,1
ACACTCCCACTTAGCC-1,0
ACAGCAAGTAGCTTAC-1,1
ACAGCCCGTAACCACT-1,0
ACAGCGGGTAAGCTCT-1,1
ACAGCTCAGTAGGTAA-1,1
ACAGGCAAGGTAGCTC-1,0
ACAGGCTTCATCACAG-1,0
ACAGGGGCAGGGCTTA-1,0
ACAGTCGCAACCGCAA-1,0
ACATGGCTCTATCAGG-1,0
ACATGGTCACAAGGTT-1,1
ACATGTTAGTCAGTAT-1,0
ACATTCCTCCAACCTT-1,0
ACATTGGTCACGCCTC-1,0
ACATTTGGTTGGGCCT-1,1
ACCAAACCAGGAGCGA-1,1
ACCAACATCACCTTAC-1,0
ACCAACATCGAACGTC-1,0
ACCACACAGCCATCCC-1,1
ACCAGGCCAGCCTATC-1,2
ACCAGGCCATCCCGTG-1,0
ACCATAGTCTAACCAG-1,0
ACCATTGAGAAGCAAC-1,0
ACCCAGACAAGCGATT-1,1
ACCCAGGTCCAATGTG-1,0
ACCCGATAGCGGTCAT-1,0
ACCCGCTTCACTCCGC-1,0
ACCTCTTAGATTCGAT-1,1
ACCTCTTAGCTAGGCT-1,0
ACCTGCCTCACATTCC-1,1
ACCTGGACAGGTTACG-1,0
ACGAACCTCCAGCAGT-1,0
ACGAACCTCCTGCCAC-1,1
ACGAAGGTCTAAGTCG-1,2
ACGACAAGTTAGAGAT-1,0
ACGACAAGTTGTGCCA-1,0
ACGATAGGTTCAATCA-1,1
ACGCAATCATCACTCA-1,0
ACGCATATCACGTGTA-1,1
ACGCATTGTTGAATCC-1,0
ACGCGAGGTTGCTAAC-1,0
ACGCTAATCACCTTAC-1,0
ACGCTCAGTTTGGCAT-1,0
ACGGACAAGCCACTCC-1,0
ACGGACAAGCTTCCCA-1,1
ACGGCTTAGATTCCCT-1,0
ACGGGATGTGATAGCA-1,0
ACGGGTTTCATACAGT-1,2
ACGGTGAAGTCAGCTA-1,1
ACGGTGAAGTCGATGC-1,0
ACGGTTATCCCGCAAG-1,0
ACGTCACAGTAATCCG-1,0
ACGTGGTTCCGGTAGT-1,0
ACGTTTAGTTATCATG-1,1
ACGTTTGAGTTGGTGC-1,1
ACTAAGCCAACCGTAG-1,1
ACTCGCCTCCTGCTGC-1,2
ACTCGTCCAAATCATG-1,1
ACTCGTCCACCTTAGC-1,0
ACTGCCTCAATTGCCC-1,0
ACTTAGGTCCAGCTAA-1,1
ACTTGAGTCGTAGTCA-1,0
ACTTTGAGTATGGTGA-1,0
AGAAGGGGTAGCGACG-1,0
AGACACAGTTTCGCTC-1,0
AGACAGACATGACCGA-1,2
AGACGATAGTAACGGG-1,0
AGACGCAAGGTTAGTT-1,1
AGACGCGGTCTTGAGT-1,0
AGACTGCTCCAGATGC-1,1
AGAGACCGTTTGGAAG-1,0
AGAGATTGTGCAATCT-1,0
AGAGGTTAGGCTTGGT-1,0
AGCACCACACTTGCTA-1,0
AGCACGCCAGGACATT-1,0
AGCACTATCCCAGGAT-1,1
AGCATATTCCCATGAA-1,0
AGCATATTCGATTCAG-1,0
AGCATATTCGTTAGAT-1,0
AGCATCGCAAATCCAA-1,0
AGCCACTAGGATCCGT-1,0
AGCCATCAGGGTCAAG-1,0
AGCCCTAGTTTCAGGT-1,0
AGCCGAAAGTAGTTAC-1,0
AGCCTCCTCCATGCGG-1,1
AGCGAACGTTTCGATA-1,0
AGCGAATAGTGGCCTG-1,0
AGCGAGGCAATTACAG-1,0
AGCGATGAGTCAAGGG-1,1
AGCGATTCAAGCGCAC-1,2
AGCGATTCATCCATCA-1,0
AGCGCATTCCCTTGCA-1,2
AGCGTCCGTTGGGCAG-1,0
AGCTGTTGTTGCTATA-1,0
AGCTTAGTCTATGCTC-1,1
AGGACAACAACTCGTC-1,0
AGGACAACATCACTGC-1,1
AGGATCAGTCTGGTCA-1,1
AGGATCAGTTTGAGCT-1,0
AGGCAGGCATAGGTAC-1,0
AGGCCCATCCGGGTCA-1,1
AGGCGAATCACGGACT-1,1
AGGCTTATCTATCGGA-1,0
AGGCTTATCTATGGGC-1,1
AGGGAGTCATTGCGTC-1,0
AGGGCTGGTTTGAGAG-1,2
AGGGTACGTCATGCCA-1,0
AGGGTATAGTACCAGC-1,0
AGGGTCAAGGGCAGAC-1,1
AGGTAAATCTGGCACG-1,0
AGGTGCAAGAACCTGC-1,1
AGGTGCTTCGTTCGTT-1,0
AGGTTCGCAGGACTGC-1,0
AGGTTGCTCGCTAGGT-1,0
AGTACAGGTAACGAAT-1,0
AGTACCATCATCGACA-1,1
AGTACCATCATCGTGA-1,1
AGTACCTGTGAGACAC-1,1
AGTACGGAGGTTGATT-1,1
AGTATGAAGGAGTAAC-1,1
AGTATGTTCGTTCCTG-1,0
AGTATGTTCTCACCAT-1,0
AGTATTCAGGTACATT-1,0
AGTCAAGGTCTCAGGC-1,0
AGTCAGTCATTCCTCT-1,0
AGTCCTAAGGAACCAG-1,0
AGTCGGTTCCTGTCGC-1,0
AGTCGTTGTTCGCGGT-1,0
AGTCGTTGTTCGTGTG-1,0
AGTCTCAAGTCATTGG-1,0
AGTCTTAGTAACGTGA-1,0
AGTCTTGAGTGAGGCA-1,0
AGTGAACAGGATCTAT-1,0
AGTGATGGTATGGCTT-1,0
AGTGATGGTGAGAGCT-1,0
AGTGCCCGTAATGAGT-1,0
AGTGCTTGTGCAGCCT-1,2
AGTGGTGAGCGACTAC-1,0
AGTGTGGAGGTACCAC-1,1
ATAACGTTCACACAGC-1,0
ATAAGGATCAGGTCTA-1,1
ATAAGTGAGCTAAGGG-1,1
ATACGCGCAAACTAGC-1,1
ATACGGTCACAAGGAA-1,0
ATACGGTCACTACCAC-1,0
ATACTGGTCGATGGCT-1,0
ATAGGGGTCCCTGATT-1,0
ATATTCCCAGGATTCG-1,0
ATCAAGCCAACCCTAC-1,0
ATCAAGCCATTAGCCC-1,2
ATCAAGGGTTGGAGCG-1,0
ATCACATAGATTCGTG-1,1
ATCACCTTCAGCGGTT-1,0
ATCACGATCACTATCC-1,1
ATCATCTCATCGATCC-1,0
ATCATTCCAATATGTG-1,0
ATCATTCCACATTCCA-1,0
ATCATTCCATAATCTC-1,1
ATCATTCCATCATAGA-1,0
ATCCAATAGATTACCG-1,0
ATCCACGGTGATTACC-1,1
ATCCATGAGCTGGACT-1,0
ATCCCATTCGCTGGCA-1,0
ATCCCCATCATCAGGC-1,0
ATCCCCATCCCTTGAT-1,0
ATCCCCTGTTCCGTGA-1,0
ATCCGGGTCCCTTGCA-1,0
ATCCTAAGTAGGCGTG-1,0
ATCCTCACAGTAAGCT-1,0
ATCCTGAAGCGCAACT-1,2
ATCGGGCCATCGTTCA-1,0
ATCGTACGTGCGTAGG-1,0
ATCGTAGTCATGCTTC-1,0
ATCGTTGAGCGCCATG-1,0
ATCTGAGTCTTGAGCA-1,0
ATCTGTTCAATCTGGG-1,1
ATGAAACGTAGCTAGA-1,0
ATGATGAAGTTACGAT-1,0
ATGCCCAGTTCGCGGT-1,1
ATGCTAACAAGTTCCC-1,0
ATGCTAACAATTACGA-1,0
ATGCTTAGTAGTTGAG-1,1
ATGCTTAGTCAGTCCA-1,1
ATGGAGACATCGGGTA-1,0
ATGGAGACATGGTGAT-1,0
ATGGCTATCCGGAACT-1,0
ATGGCTTGTTCGTTGG-1,2
ATGGCTTGTTGGCATT-1,0
ATGGGCAAGGGTGAAT-1,1
ATGGGCTTCCTTCGTG-1,0
ATGGGTGAGTGAGCCT-1,0
ATGGTTACAATACTGA-1,0
ATGTACCGTTAGCAGA-1,1
ATGTCCTTCCGTCAGG-1,0
ATGTGAGGTGAACGGT-1,0
ATGTGAGGTGATTGCT-1,0
ATGTGCATCTGTCAAG-1,1
ATGTTCTCAGGCAATT-1,1
ATTACCTCAGCACGGT-1,0
ATTATCCCAAGTGGAA-1,0
ATTCCGGGTCAATCAC-1,0
ATTCCGGGTTCGATGT-1,0
ATTCGGGCAAGGTTAC-1,0
ATTCGGGCAATCGACG-1,1
ATTCTCATCCCATGCC-1,1
ATTGAGAAGCGGACTT-1,2
ATTGGCGCACTAATGA-1,2
ATTGGCTGTAACGGGT-1,0
CAAACCGCAAATTCAG-1,0
CAAAGCTCAAGCGTTG-1,0
CAAAGGCGTCAGCCAC-1,0
CAAATGGGTGCATCCA-1,2
CAACCAGCAAGGTGAA-1,1
CAACGAAGTGAGCCGA-1,1
CAACGAAGTTGGTGCC-1,0
CAACTAACAAGCGGAG-1,0
CAACTAACACAAGGAA-1,0
CAACTAACACTATCAT-1,1
CAAGCCCGTTGGAGTA-1,0
CAAGCGAAGAATCGAA-1,0
CAAGCTCAGATTGCGC-1,1
CAAGCTCAGCCTAGCG-1,0
CAAGCTCAGTTAGCTG-1,1
CAAGGATAGCTAGGCT-1,0
CAAGGCGGTAGTCAAG-1,0
CAAGGTAGTTCCGTTC-1,2
CAAGTAAAGGTCCACG-1,0
CAAGTCGCACATAGGT-1,0
CAAGTGAGTTAAGGAT-1,0
CAAGTTTAGTACGGTC-1,0
CAATATCAGGGCAGAC-1,0
CAATCCCCAAGGTCTG-1,1
CAATCGATCAGTACCA-1,0
CAATCGATCCTCATCG-1,0
CAATCTTCACATACCC-1,1
CAATGCCAGTAGGCGA-1,0
CAATGGGAGAATCGTT-1,1
CACAAGCTCTAGTAAC-1,0
CACACAGCAATACATG-1,1
CACCAGACACCAACGA-1,0
CACCAGTAGAACGAGT-1,0
CACCAGTAGCGCTTGG-1,0
CACCCATCAACCGTAG-1,0
CACCGAACAGGCTACA-1,0
CACCGATAGTGCCGAT-1,0
CACCGTTCAATCTCTG-1,0
CACCTCATCACGCCTC-1,0
CACCTCTGTGAAGTGC-1,0
CACCTTTAGGCACAGA-1,1
CACGACCGTCTAAGGA-1,0
CACGTATGTTAGCTCG-1,1
CACTCAAAGAATCATC-1,0
CACTCCGCACCTATAT-1,0
CACTGTCCAATCGTGG-1,0
CACTGTCCATAAGGCT-1,0
CAGCAAAGTAATCAGG-1,0
CAGCAAAGTTCATCCC-1,0
CAGCCAACACAGCATG-1,1
CAGCTCTCATGGCGTA-1,0
CAGGAACGTTACACCG-1,1
CAGGACCCAGGCTCAA-1,0
CAGGCTTAGTAACGGG-1,1
CAGGCTTAGTCATAGT-1,1
CAGGGGTAGCCAATGC-1,0
CAGGTCCGTTGCATGT-1,0
CAGTCCCTCATGCTCT-1,0
CAGTCCCTCCGTCCAC-1,1
CAGTCCTCATGAGCGC-1,0
CAGTCTAAGCCCGTTC-1,1
CAGTCTAAGGTACCCG-1,2
CAGTGTTGTAGGTGAC-1,1
CAGTTCAAGCCTACCC-1,0
CAGTTCAAGGAGGTCA-1,1
CATAACTAGTAGGCGA-1,1
CATAAGCCAGGCATCA-1,1
CATAGCTGTTGCAATC-1,0
CATAGGTCATTACTCG-1,1
CATAGTTAGGTCATGC-1,0
CATATAGCAACCGTAG-1,0
CATATCCTCCGTAGCG-1,0
CATATTGGTGGACTGG-1,0
CATCACAAGGGCTCTG-1,1
CATGCCAGTTCTGTAA-1,0
CATGGTTGTTGGAGAC-1,0
CATTCGAAGGCGATGA-1,0
CATTCGCCAATCCTAT-1,0
CATTTCATCCCCTGAC-1,0
CATTTGCTCCGTGTGG-1,0
CCAAATTAGCGCCTTC-1,2
CCAACCTCATGGATTA-1,1
CCAAGGTTCCGTGTCC-1,0
CCAATCAAGGCATTCA-1,0
CCACAGACATAGGTAC-1,0
CCACATAAGTTGCCGG-1,0
CCACCATCATAACGTA-1,1
CCACCGTTCATGCAGC-1,1
CCACCTGCAAGTCCAG-1,0
CCACCTGCATTCGCGT-1,2
CCACGGATCAATCGCA-1,1
CCACGGATCCGTCAGG-1,0
CCACGGATCGCTCATT-1,0
CCACTAAAGTGCGGTT-1,0
CCACTCGCAGGCAGCT-1,0
CCACTTACAATGAGCT-1,1
CCAGACCGTAGTGCCC-1,2
CCAGAGAAGGCAAGTG-1,2
CCAGATGCACTTCGCG-1,0
CCAGTATGTTATGGAG-1,0
CCATAAGTCGCATGTA-1,0
CCATAATAGGATGGAT-1,1
CCATAATAGTTAACCG-1,0
CCATCACCACAAGCCA-1,1
CCATCACCATCAAGCG-1,1
CCATCAGGTAGTCCTG-1,0
CCATCATTCACTTGCT-1,0
CCATCCGCAGGCATTG-1,0
CCATTAAGTCAATCTA-1,0
CCATTGAAGCGGGATA-1,0
CCATTTCAGTTACGCA-1,0
CCATTTGCAGTACTAA-1,0
CCCACGTTCGCATTGA-1,0
CCCAGTGAGTCAATGT-1,0
CCCATGAGTTAGCACT-1,2
CCCGAACGTAGCGCCT-1,1
CCCGAACGTTGCCCAA-1,1
CCCGCTTAGAATCAAG-1,1
CCCTAACCAATCGCTC-1,0
CCCTATGTCAAGTTAC-1,0
CCCTGAGAGTAAGTGA-1,0
CCCTGTTGTTTGCGAT-1,1
CCGAACTAGCATGTAT-1,0
CCGAATTGTTGTCTCC-1,0
CCGACCAAGTGGGTTC-1,0
CCGACCTTCCCCAACC-1,0
CCGACTAGTATTGCGT-1,0
CCGACTTCATCACTAT-1,1
CCGCAAGTCTAGTCGA-1,1
CCGCCATTCATCTGGA-1,0
CCGCTCACAATGCCCT-1,1
CCGCTCACACAGGACC-1,1
CCGCTTGCATCGGGAC-1,0
CCGGAACCAAGCATGT-1,0
CCGGATTAGCAGGGAC-1,0
CCGGATTAGGATAGCG-1,0
CCGGATTAGTCTAGGC-1,1
CCGGCATGTTTCGAGT-1,0
CCGGGTTGTCTTGCAG-1,0
CCGGTACGTGAGGTAC-1,0
CCGGTTAGTCAATCCG-1,0
CCGTAAATCCTGCCTA-1,1
CCGTGGATCCCCAAGG-1,1
CCGTGGATCGTCTATC-1,0
CCTAACTTCTAACTCC-1,2
CCTACGAGTTTAGGAG-1,0
CCTAGTAAGGGGTCAA-1,0
CCTATGAAGCCAGTGT-1,0
CCTATGTTCGCTCCTA-1,1
CCTCAATTCAGCCAGT-1,0
CCTCATTAGCGCTCCT-1,0
CCTCGAAGTAGCCCGT-1,0
CCTCTTAGTTAGGTGA-1,1
CCTGAACAGGTTGGTC-1,1
CCTGGCAAGTCGATGC-1,0
CCTGTTGTCGACCTGG-1,0
CCTTTAATCGCGCATG-1,0
CGAAACCTCGAGTCTA-1,1
CGAACCACAACATGAC-1,0
CGAACGAAGCTTACGA-1,0
CGAAGGATCCGCCTTA-1,2
CGACAATCATGATTAG-1,0
CGACTAGCATGCTTCA-1,0
CGACTATGTAATGCTC-1,0
CGACTCCTCAATGTAC-1,0
CGACTCCTCAGGGAAT-1,0
CGACTGACAAACTTGA-1,1
CGAGCAAAGCCAGCCA-1,0
CGAGCCATCGCTCGTC-1,0
CGAGGAATCCGTTACT-1,0
CGAGGGTAGTCGACGT-1,0
CGAGTAAGTCATCGTG-1,0
CGAGTCCGTTGCTATA-1,2
CGATCAATCCGTATGA-1,0
CGATCTAAGGGTCCAT-1,0
CGATGAGAGCGAGGTA-1,0
CGATGAGAGTTAACCG-1,0
CGATGGGGTGATCCCA-1,0
CGATGTTGTGAGATCA-1,0
CGATTAGTCACGCCGA-1,0
CGATTAGTCAGTTAGT-1,0
CGATTTAGTGAAGCTA-1,0
CGATTTAGTTTAGGCT-1,0
CGCAAATCACTTCATG-1,0
CGCACCTTCGACTGCG-1,0
CGCACGATCCTGCACC-1,0
CGCAGTTAGTTACGCA-1,1
CGCATCTCATAGGTAC-1,1
CGCCACTTCACTCGAA-1,0
CGCCCAAAGGGTTGAG-1,0
CGCCCATTCCTCAGTT-1,1
CGCCCATTCCTCTACG-1,1
CGCCCATTCGCGCACA-1,0
CGCGAACCACTTGAGG-1,0
CGCGAAGGTTAGCGAA-1,1
CGCGAAGGTTTCCTAT-1,1
CGCGTACGTGGGTCAG-1,0
CGCGTACGTTAGGGTA-1,1
CGCGTACGTTTGGCAT-1,0
CGCGTCAAGCTGGGTT-1,0
CGCTTCATCACCATTC-1,0
CGGAAAGTCGTCTCCA-1,0
CGGAACCCACAAGGCC-1,1
CGGAACGGTTGAAGCA-1,0
CGGCATTAGGGTACTC-1,0
CGGCTTGAGTCGACCG-1,0
CGGGACTCAATCAGGT-1,0
CGGGATGGTAGCTAGA-1,2
CGGGCTATCCGCCACT-1,0
CGGGGATAGCAAGCCT-1,1
CGGGGTAGTAAGGACC-1,0
CGGGTGAGTGAGTCCC-1,1
CGGGTTACAAAGGAGC-1,0
CGGTGAAAGTAACCAT-1,0
CGGTGCATCGTGCCTC-1,2
CGGTTCTCATCACGAG-1,0
CGGTTCTCATGGCGAC-1,1
CGGTTTGGTAGTTGAG-1,1
CGTAATGTCACGGACT-1,0
CGTACTGGTGCGCGTT-1,2
CGTACTGGTTTAGCCG-1,0
CGTAGTCAGCGCATGT-1,0
CGTATGATCAGGCTCG-1,0
CGTCAAATCGAACCAC-1,0
CGTCACCTCAGGTTGC-1,1
CGTCAGTAGGTGAGCA-1,0
CGTCATGGTGATGCGG-1,1
CGTCCAAGTTCAAGCT-1,0
CGTCCATCAAATGAGG-1,0
CGTCGCTTCATGCGCG-1,1
CGTCGTAGTTTCGCTC-1,2
CGTCTCATCTGGTACA-1,2
CGTGAGAAGGTTCCGG-1,2
CGTGCTGAGTGAAGTA-1,0
CGTGGTTAGTGCCGTG-1,0
CGTGGTTAGTGGCTTA-1,0
CGTTAATAGTGCCTAA-1,1
CGTTCATTCACACCGG-1,0
CGTTCGCTCCGTTGGG-1,1
CGTTGCCTCACCATCT-1,0
CGTTGGGTCGCTGAGT-1,0
CTAAACTAGGTCAAGG-1,0
CTAACGATCGATGTCA-1,1
CTAAGCCAGGTAGCCT-1,0
CTACAATAGATAGGTA-1,1
CTACAATAGTAGTAGA-1,1
CTACCATTCTGGTCCC-1,0
CTACGTAAGGAGGATT-1,1
CTACTGTTCACAGAGG-1,0
CTAGAAGGTTACACTA-1,0
CTAGATTAGCATGACC-1,0
CTAGCATGTGGGAATC-1,1
CTAGCCAGTTCGTGCA-1,1
CTAGGTCAGATAGCCC-1,1
CTAGGTCAGCGCTGTG-1,0
CTAGTAACACCAACCT-1,0
CTAGTATAGTCTAGCA-1,0
CTAGTTAGTCAGTCCA-1,0
CTAGTTGAGTAGGCAG-1,2
CTATAGGTCAATTGGT-1,0
CTATCGTTCCCATTCG-1,0
CTATGGGCATAGAGGA-1,0
CTATTCATCAGGCTTA-1,0
CTATTCATCGACCGTG-1,0
CTCACCTGTAGTGACA-1,1
CTCAGCTCAAGCCATG-1,0
CTCAGCTCATAGGTAC-1,0
CTCAGTTTCGATCCGG-1,0
CTCATAAGTTGGAGAC-1,1
CTCCCAATCGATCCGG-1,0
CTCCCTAAGTGCTTAG-1,0
CTCCCTGGTTGCGATT-1,1
CTCCTAGTCTCACTCG-1,2
CTCGAACAGTGATCCA-1,1
CTCGAATGTCTAGTTA-1,0
CTCGCGAAGAAGGTAC-1,0
CTCGCGTTCCATCCTG-1,0
CTCGCTATCCATCCAT-1,1
CTCGGTTCAGTTGGTG-1,2
CTCGTTGTCAGCCATA-1,1
CTCTGACCAAAGGGAC-1,0
CTGATAGTCCCCAACC-1,0
CTGCAATGTTGAGCAA-1,0
CTGCATTTCGACATAT-1,0
CTGCCTGCAACCTCAC-1,0
CTGCGTAGTCTGGTGC-1,1
CTGCTCTGTTCGTGGC-1,0
CTGGACTAGCATCAAT-1,1
CTGGACTAGTGCTGGT-1,0
CTGGATGCAGTACCTC-1,0
CTGTAAGTCCGGAACT-1,2
CTGTAATAGAATCCAT-1,0
CTGTACTTCGATTCCT-1,1
CTGTACTTCGTTAGCA-1,0
CTGTATAGTGCAATCT-1,0
CTGTCATTCCGGTAGT-1,0
CTGTGGACATAAGTCA-1,0
CTGTGGACATCCAACC-1,0
CTGTGTCCAACATTAG-1,0
CTGTGTCCATAGGGTT-1,1
CTGTTAAGTTAGAGAT-1,1
CTGTTAAGTTGTCCTC-1,0
CTGTTGGGTCTAAGCT-1,0
CTTACAAGTTCGTGGC-1,1
CTTACGTTCCAGCGTG-1,0
CTTACTATCCAGAGCT-1,1
CTTAGGATCACCTTCG-1,0
CTTAGGATCAGGCAAG-1,2
CTTAGTGAGCATAGGG-1,0
CTTATCGCAATGTAGC-1,0
CTTATGAGTAGCGGCA-1,1
CTTATGAGTCTGGCGT-1,0
CTTATGCTCGCGCACA-1,0
CTTCGAGGTCATGTGT-1,0
CTTCGAGGTGCGCAGA-1,0
CTTCGATTCCAACCTT-1,1
CTTCGATTCCTCTCCT-1,0
CTTCTATGTTGAATCC-1,0
CTTCTCCTCGATATAC-1,0
CTTGACCCACTAGGCA-1,1
CTTGAGGCAAAGGAGC-1,1
CTTGCGGAGTAGAGTA-1,0
CTTGCTTAGGATGATA-1,1
CTTGCTTAGGTCAACC-1,0
CTTGGATGTTAGGTGA-1,0
CTTGGCCTCCGTGTGG-1,0
CTTGGCTCACCATTGC-1,1
CTTGGCTCACCTCGAT-1,2
CTTGGGACAATGGGCC-1,0
CTTGGGCGTTGCGATT-1,1
CTTGTGAAGAAGCCCT-1,1
GCAACATCATTACCAT-1,0
GCAAGCAAGCGCAACT-1,0
GCAATCGCATGCTCCG-1,0
GCAATCTGTTTACCTT-1,0
GCAATTTAGGTGACAG-1,1
GCACAGCCATGACCAG-1,0
GCACCATAGTCGCGTG-1,0
GCAGCCATCATGATCG-1,0
GCAGCGAGTTCACTAA-1,1
GCAGGGTAGCATTAAC-1,0
GCATCAGCAATCCCGT-1,0
GCATCCCTCCTCTACG-1,0
GCATGTTGTGATCCCA-1,1
GCATGTTGTTAGCCTG-1,0
GCATTAACACTAACGG-1,0
GCATTAGTCGCGTTAA-1,0
GCATTTGAGTAAGTGA-1,0
GCCAATGCAACATGAC-1,0
GCCATAGCAACATCAA-1,1
GCCATCAGTTTAGGAG-1,0
GCCCAATAGGTCCAAC-1,1
GCCCAATAGTATGAAG-1,0
GCCCACTTCCTGCTCA-1,2
GCCCGTAAGGGTCTGT-1,1
GCCCTGAAGCATAGCC-1,0
GCCGTAGTCAATCGTG-1,0
GCCGTCAAGGCTCCGA-1,0
GCCGTTGAGGTTGGCT-1,0
GCCTAATGTTCCAGTG-1,0
GCCTACCTCTAACCAG-1,0
GCCTTGCTCATCACCT-1,0
GCGACAGGTAGTCCAT-1,0
GCGACTTAGTCGCTGG-1,0
GCGAGTAAGGCATCCG-1,0
GCGATCCGTTTGACCG-1,0
GCGATGAAGGCGTACT-1,0
GCGCATTAGTGCAAGG-1,0
GCGCCAATCACATGAT-1,0
GCGCCAATCTATCACC-1,0
GCGCTTGAGCTGGAAG-1,0
GCGGAGTAGCCAGGTT-1,0
GCGGATGGTGAGCGAT-1,1
GCGGCTATCGTACCGG-1,0
GCGGGAACATTCGGAG-1,1
GCGGGTAGTTTCGGCA-1,1
GCGTACCGTAGTGTGA-1,0
GCGTCCTTCCTCATGT-1,0
GCGTGAAAGCCAACTA-1,1
GCGTTTCCAACGGCAC-1,0
GCTACAGCAGTACCAG-1,0
GCTAGTTGTTGCTCGA-1,1
GCTCAAATCAGGACGA-1,0
GCTCAATGTCCATATA-1,2
GCTCATCCATGGTTGG-1,2
GCTCCCACACAAGGAA-1,0
GCTCGTAGTTTCCGAG-1,0
GCTCTTGTCGCGACAT-1,0
GCTGATTGTCATGTCG-1,1
GCTGATTGTCTAGTTA-1,0
GCTGCCTTCGACTGAC-1,0
GCTGCCTTCTGTGCGG-1,0
GCTGCTGAGATAGGCG-1,0
GCTGGATTCCCCAGCT-1,0
GCTGGGTCACAGCGTA-1,0
GCTGGGTCACTAAGCG-1,0
GCTTAATAGGAACTAA-1,0
GCTTACAAGCGCAACT-1,0
GCTTACAAGTTGGTGC-1,1
GCTTACCCATCACTAT-1,1
GCTTCCGCAGCCTAAG-1,0
GCTTTCACAAAGGACA-1,1
GCTTTGAAGATTCGAT-1,0
GGAACATAGGCATCCG-1,0
GGAACTGAGCGGTCAT-1,1
GGAAGGTCAACTTAGA-1,0
GGAATATGTAGGCCAG-1,0
GGAATTAAGCTTACAG-1,0
GGACACCCAACGGGCT-1,2
GGACAGGCACTTAACT-1,1
GGACATTCATAGGGTT-1,0
GGACGTTTCACAGATT-1,1
GGACTTATCCGTAATG-1,1
GGAGAGTCATGAGTTA-1,0
GGAGTAGTCCTTAACC-1,0
GGAGTCAAGTGATCGC-1,2
GGATAACAGGATCCAC-1,0
GGATGGGCACCTCGCA-1,0
GGATTGCTCCAGAGGA-1,0
GGCACATTCCAACCGG-1,0
GGCATAGAGGCTCCGA-1,1
GGCATTCAGGGGTACA-1,0
GGCCTCAAGCATTCAG-1,1
GGCGAATGTTGGGTCC-1,1
GGCGGTAGTGAGACGT-1,1
GGCGTCTGTTAAGTCC-1,1
GGCGTGAGTCAAGGAC-1,0
GGCGTTGTCACGCTAA-1,1
GGCGTTGTCCAGCAAC-1,0
GGCTAGAAGGGTAGCA-1,1
GGCTATTGTTTGGCAT-1,0
GGCTGTTAGTAAGTAG-1,0
GGCTTCCTCCCTGTGC-1,0
GGCTTTGGTTGCACCA-1,0
GGGACCTCAGTTGCTC-1,0
GGGATCAAGCCCGTCT-1,0
GGGCAACAGTGCTTAG-1,1
GGGCAACAGTGGGTTC-1,0
GGGCAACAGTTAGATC-1,0
GGGCGTAGTATTGCGT-1,0
GGGCGTAGTTCGGGTC-1,0
GGGCGTAGTTGCGCGT-1,0
GGGCTAAAGCCGATTA-1,1
GGGGACTAGCCTGCTC-1,0
GGGGTATGTTAGAGAT-1,1
GGGTAACGTGGGTCGA-1,1
GGGTAAGTCTTGACAG-1,0
GGGTATGAGCCGAGTT-1,1
GGGTATGAGCTGGAAG-1,0
GGGTATGAGGTACGAG-1,2
GGGTATGAGGTTAGTT-1,0
GGGTCATTCCATTAGG-1,0
GGTAATGGTAGTGACA-1,0
GGTAATGGTTTGGTGT-1,1
GGTACGCCACAACCAG-1,0
GGTACGTTCAATCGGC-1,0
GGTAGGATCACAGCAC-1,0
GGTAGTAGTTTCGCCT-1,0
GGTAGTGAGGATCACC-1,0
GGTAGTGAGTCAACCA-1,0
GGTATATTCTTGAACG-1,0
GGTATCTGTTTGACAC-1,1
GGTATGTCAGGACACC-1,0
GGTCATTGTGCAGCCT-1,0
GGTCGATTCAGTAGCC-1,1
GGTCGGTCATTCAGGG-1,0
GGTCGTTAGTCATGCA-1,0
GGTCTAGCAAGCGGAG-1,0
GGTCTATGTGAGTCGG-1,0
GGTGCTTAGGAACCCT-1,0
GGTGGCTCACTTGCGT-1,0
GGTGGTAAGCCGACCA-1,0
GGTGTGAAGAATCGCC-1,0
GGTGTGAAGGCGATAG-1,1
GGTGTTGCATAAGGTC-1,1
GGTTAAGGTTGGCCGT-1,0
GGTTACGCACAGGGTC-1,0
GGTTAGCTCCGCATCC-1,0
GGTTAGCTCGACCGTG-1,0
GGTTCTAAGCCACGAT-1,0
GGTTTACGTAACGTGA-1,0
GGTTTGATCCTCATAC-1,0
GTAAACGGTGACTCCA-1,0
GTAAAGGCAATGTATG-1,0
GTAAATGAGGAACCTC-1,1
GTAACCATCCATTGCT-1,1
GTAACCATCGCTCGTC-1,0
GTAACCCAGCCGATTA-1,0
GTAACCTGTATGTGTC-1,0
GTAACCTGTTATAGGG-1,0
GTAACGGAGAACGGTG-1,1
GTAAGCCTCTTGACAG-1,0
GTAAGGTAGCCATCCC-1,0
GTAAGTAAGCCACAGT-1,1
GTAAGTTTCCGGTGTG-1,1
GTAATAGAGGCTTGGT-1,0
GTAATGAAGTCGATCA-1,0
GTAATGGGTTAAGCCT-1,1
GTAATGTTCACTCCGC-1,0
GTACAAGGTAGTTGGA-1,0
GTACCCTCAAGTTAGC-1,0
GTACGATCAAAGGGAC-1,1
GTACGATCAAATCGGT-1,1
GTACGATCACCTCACG-1,1
GTACGGGGTAGTTGAG-1,0
GTACGGTTCGCTCCTA-1,0
GTACGTTGTTGGTGCC-1,0
GTACTCCCAGCTCTGT-1,0
GTAGCATCAACTAGAC-1,0
GTAGCGCCAAACCGTG-1,0
GTAGCGCCATGCTGAG-1,0
GTAGGAACATTAGATG-1,0
GTAGGATAGGATCCCG-1,1
GTAGGATAGGCACAGA-1,0
GTAGTAGGTCATGCCA-1,1
GTATAGAAGTATGTCG-1,0
GTATCCGGTGAGTCGG-1,0
GTATCTTCAATACGAC-1,0
GTATGCATCCAGCGAT-1,0
GTCAATGTCGTCTCTG-1,1
GTCATTAGTAGGTGCG-1,0
GTCCAAATCGTGCCCT-1,0
GTCCAATGTCAATCGT-1,0
GTCCATAAGCCACGCA-1,0
GTCCCAAGTTCGTGGC-1,1
GTCCGAACATCGGGAC-1,1
GTCCGCAAGGGTGACA-1,0
GTCCGTGAGGTCGATC-1,0
GTCGCCAAGTAGTCAT-1,1
GTCGGTTAGCCCTTCA-1,0
GTCGGTTAGTAGGATA-1,1
GTCTAAGTCTAATCGG-1,0
GTCTCGCTCATACAGT-1,0
GTCTGCCTCGAACCAC-1,0
GTCTTAAGTTTCGTAA-1,1
GTGAAGGTCGATGCTA-1,1
GTGAATGGTTATGGCT-1,0
GTGACGTTCATGGTTG-1,2
GTGAGTAGTGCGAGTG-1,0
GTGATAGGTAGCTTCG-1,0
GTGATGCTCGAACCAC-1,1
GTGCATTGTTAAGGGC-1,1
GTGCGAGGTTGTGCTG-1,0
GTGCTTGGTGAGGCCA-1,2
GTGGACCCACAATCGG-1,0
GTGGAGGCATCCTGTA-1,0
GTGGCAAAGTTGCTGA-1,2
GTGGCAGGTGCGAGTG-1,0
GTGGTTGCATTACCTG-1,0
GTGTCCCTCGAGTCTA-1,1
GTGTGAGAGCCTGAGT-1,0
GTGTGTTGTTGGTCTG-1,1
GTGTTATAGTTACACG-1,2
GTTAAGGGTTGTCCCT-1,0
GTTACCCCAAAGGTGA-1,0
GTTACCCCAGGTTAGT-1,1
GTTAGATTCGACTTAG-1,1
GTTAGCGCAACTTCAT-1,0
GTTAGGCTCAATGGAA-1,0
GTTCAATAGGTTGGTC-1,0
GTTCAGGCATAGAGCT-1,0
GTTCCGGAGTAATGAG-1,0
GTTGAAGGTTCGCAGC-1,0
GTTGAGGAGCATCCTT-1,1
GTTGCAATCACTGGGT-1,0
GTTGCAATCGTACACA-1,0
GTTGCGCGTAGTCATC-1,0
GTTGCGCGTCTAATCA-1,0
TAAACGTTCGTGCATA-1,0
TAACAGCCAGGTAGGG-1,0
TAACCAACATGCTCCG-1,0
TAACCCTTCATGCCAA-1,1
TAAGCACCACCTCATA-1,0
TAAGCAGGTTTACTTC-1,1
TAAGCCATCCATTGCT-1,1
TAAGCGGAGCTACGAC-1,0
TAAGGATGTTGAGTTC-1,0
TAAGGCGAGAAGGAGA-1,1
TAAGGCGAGCTTAGAT-1,0
TAAGGCGAGTGCTTGA-1,0
TAAGTCACAATAGCAC-1,1
TAATCAGCAATATCCT-1,0
TAATGAGAGGAGGCTA-1,0
TAATTCCCAAGCACAT-1,0
TACACCGGTAGCTCCA-1,0
TACAGGCTCAGTTGGC-1,0
TACAGGCTCCCCAAGG-1,0
TACATCCTCCTTCGAT-1,1
TACCACAAGCAGGCAA-1,0
TACCACAAGGTCGATC-1,1
TACCAGGCAGGAACGG-1,1
TACCATTCATCCGTCG-1,0
TACCCCATCCATCAAG-1,0
TACCTGAAGTAATTGC-1,0
TACCTTGCATTCCTGA-1,0
TACGATTAGATAGCCC-1,0
TACGCAATCAGTATGT-1,0
TACGCATGTGAGATTG-1,0
TACGCTAAGGCACTGT-1,1
TACGCTAAGTGCGGTT-1,0
TACGCTGGTCAAGTCT-1,0
TACGTTGAGAACGAGT-1,1
TACTACCTCGTTAAGT-1,0
TACTCGCCAAACTACA-1,0
TACTGGATCGAGCACT-1,0
TACTGTGAGTCGCATA-1,1
TAGCCCAGTTGGTTCG-1,0
TAGCCTGGTGAAGGCT-1,1
TAGCCTGGTTCGGCAC-1,0
TAGCTTGAGTCGATTG-1,1
TAGGCAAGTCCCGAGT-1,0
TAGGCCACAATACTTC-1,0
TAGGGCTTCATCACCT-1,1
TAGGGTAGTCTAGCTG-1,0
TAGGGTGAGCATGTGC-1,0
TAGGGTGAGGTAACTT-1,0
TAGTCCCCAATATACG-1,0
TAGTGTTAGTAATCAC-1,0
TAGTTCTCATTCCTAG-1,0
TAGTTTCCACAGCGGT-1,1
TAGTTTGGTTGACCGC-1,0
TATAGTCAGCAATGAA-1,0
TATCAGGTCATGTGTG-1,1
TATCAGGTCGAACGTC-1,1
TATCCATCAACTATGA-1,0
TATCTGCTCACCACTT-1,0
TATGAGGGTGGGTTAA-1,0
TCAAAGGGTAAGGTGC-1,0
TCAACATAGGCACGTT-1,0
TCAACTGAGCGGAGAC-1,0
TCAATCTCATGGAATC-1,0
TCACACCCATGCTCAC-1,0
TCACCAAAGCCCGTCT-1,1
TCACCATTCATCTCAC-1,0
TCACCCTGTTCACCGA-1,0
TCACGAATCCGGACAT-1,0
TCACGACAGTCAGCTA-1,0
TCACGATGTGGAAGCT-1,1
TCACGCCTCGCTCCAC-1,1
TCACGGACAAGGTAAG-1,0
TCACGGGTCATACAGT-1,0
TCACTCACAAGCTAGT-1,0
TCACTCCGTGGCGATG-1,2
TCAGATTAGTCGATGC-1,1
TCAGCTAAGTTACGAT-1,0
TCAGTAGTCACAGCAC-1,2
TCATAGGTCTATGGGC-1,1
TCATAGTAGTTGGTAT-1,0
TCATCAAGTTGGGACG-1,0
TCATCGAAGTAAGTCT-1,1
TCATCGTTCCACCTAT-1,2
TCATGCAAGCATGGCT-1,0
TCATGCTTCAGGCACT-1,0
TCATGCTTCGACCTGG-1,0
TCATGTTCAGGAAGGT-1,2
TCATTAGGTTTACTAG-1,1
TCATTCGCAACCCTTA-1,1
TCATTCGCATCCACTA-1,1
TCATTGCTCTATCTCA-1,0
TCCAACTTCCTCTCAG-1,0
TCCACACCATGATCGG-1,0
TCCACCATCTAAGTGT-1,0
TCCACTTAGAACCTTG-1,1
TCCATCCGTGCAATCT-1,0
TCCATTATCACGCTCC-1,0
TCCCATTAGGTCACTA-1,0
TCCCCAATCCTTAGAG-1,1
TCCCCTAAGAACCTCA-1,0
TCCCCTAAGTTGGCCG-1,0
TCCCCTGGTCATGTCG-1,1
TCCCTGATCCTGACCC-1,0
TCCTATATCCCCTTAG-1,0
TCCTGGTCAGGGCATC-1,1
TCCTGTTAGAACGGGC-1,0
TCCTTCTCAAGTGAAG-1,0
TCGAATTAGGCAACCT-1,0
TCGCAACAGGCATCAC-1,1
TCGCAACAGTAGCGAG-1,0
TCGCACCTCCCCAGTC-1,1
TCGCATCCACGCCATT-1,1
TCGCATGGTTTGAGTC-1,0
TCGCATTTCTAGTCTC-1,1
TCGCCAAGTTAGAGGC-1,0
TCGCTAAAGCGAAGCA-1,0
TCGCTGCTCGTGATAT-1,0
TCGGCAACACTTCGCG-1,0
TCGGCCAAGCTGGGTT-1,0
TCGGGGTCACTATGCC-1,1
TCGGGGTCATGGTTGG-1,0
TCGTAATAGGAACTGG-1,0
TCGTACGGTTTACATG-1,1
TCGTCAAAGCTGGTTA-1,0
TCGTCAAAGGAATTGA-1,1
TCGTCAAAGTCGCTAA-1,1
TCGTGAATCGACCAGT-1,0
TCGTGTCCATTGCCGT-1,0
TCGTTGGGTCAGTCAT-1,0
TCTACAAGTGGGTATA-1,2
TCTACATCATCCACTA-1,0
TCTACGAAGCGCTGTG-1,0
TCTACGCCATGAGCAT-1,1
TCTACGGGTGAGCGCA-1,0
TCTACTATCTATCACC-1,0
TCTAGTGAGCGGAGAC-1,0
TCTATAGGTAGGCGAT-1,0
TCTATAGGTTGACCTG-1,1
TCTCACTAGCTATGAT-1,0
TCTCCAACAGGCTTGA-1,0
TCTCGATTCCCATTCG-1,0
TCTCGATTCCCGCTGT-1,1
TCTCGTTAGTTAGAGA-1,0
TCTCTAATCTATGTGG-1,0
TCTCTATGTAGCCTGC-1,0
TCTGCAAAGCCACATA-1,1
TCTGCGGAGCGAGCTT-1,0
TCTGGCCTCCTCGATT-1,0
TCTGGCTCAATGGAGA-1,0
TCTGGGTAGCGGTCAT-1,1
TGAAACGGTTATCAGC-1,1
TGAATGGGTTAGCGAA-1,1
TGAATTGCATCAAGTA-1,0
TGACCCAGTAATGGTG-1,1
TGACCCTCAAGGGCTC-1,0
TGACCTAAGAAGGGTT-1,0
TGACGAAGTGACTTCG-1,1
TGACTCCCAAGGGTAA-1,0
TGAGCCACATTAATCC-1,0
TGAGCGAAGGGGTTGA-1,0
TGAGCTGCACTTGAGG-1,0
TGAGGGATCATAGGAA-1,0
TGAGGTAGTTAACTGC-1,0
TGAGGTTCACATATAG-1,0
TGATAGAAGCTATCGA-1,0
TGATAGCCAGGATCTG-1,1
TGATCCTTCGACATAT-1,0
TGATGCCAGGCACAGA-1,0
TGATGTTAGGATGGAT-1,1
TGCAAAGGTGATTAGG-1,0
TGCAAAGGTTGAGTGA-1,0
TGCAATGTCAAGTGCC-1,2
TGCAGGCCAACTCGGA-1,1
TGCATAACAATCTCCA-1,0
TGCATTAGTATGTGTC-1,0
TGCCATTTCGATGACC-1,0
TGCCCGAAGCTATACG-1,2
TGCCTCTGTTGAGTCT-1,0
TGCGACCGTGAACCTT-1,0
TGCTACCCACATACCC-1,0
TGCTACTTCAGCTCGG-1,1
TGCTCGCTCACCCTAT-1,0
TGGACGTTCAATCAAC-1,1
TGGAGCGGTGATCCAT-1,0
TGGATAGGTAAGTCAG-1,1
TGGCACTAGGTTCACA-1,0
TGGCATGCAACCCTTA-1,1
TGGCCTGAGGATTCGC-1,0
TGGCGATTCCTCTAAC-1,0
TGGCGGTCACTCAGCT-1,0
TGGGCAAAGTATGTGT-1,0
TGGGCTTAGGCGTCTG-1,0
TGGGGTAAGCTAGATT-1,0
TGGGTCCGTTGAGGAC-1,0
TGGGTGAAGGTGAGGC-1,0
TGGGTTATCCGCACGA-1,1
TGGGTTGCATAATTGG-1,0
TGGTCCCTCAGGGCAA-1,0
TGGTCCTCATGACGGC-1,2
TGGTTAGTCTGGCATA-1,1
TGGTTTAGTGGAGCAT-1,0
TGTAAGGGTGAGCATA-1,0
TGTACCTTCGCTAATG-1,1
TGTAGCTGTCCATCTC-1,0
TGTAGTTAGGCGTCCA-1,0
TGTATAGCATTACAGA-1,0
TGTATCTCATTGCGTC-1,0
TGTCCCGCAAGTAGTC-1,0
TGTCGATGTAGGCGAT-1,1
TGTCGTTTCCGCGATG-1,0
TGTCGTTTCCTCTCTC-1,1
TGTCTCACACCTCAGT-1,0
TGTGAACCAATTCGGG-1,0
TGTGCAATCGCGCAAT-1,1
TGTGCAATCTCACCTG-1,0
TGTGCCCTCGTTAGTG-1,0
TGTGCTGGTTCGTGTG-1,1
